model,cv_auc,cv_auc_std,cv_f1,test_auc,test_f1,test_precision,test_recall
LogisticRegression,0.9943048534707767,0.0026057888477209116,0.9218150848446098,1.0,0.9787234042553191,0.9583333333333334,1.0
RandomForest,1.0,0.0,0.9945945945945945,1.0,1.0,1.0,1.0
GradientBoosting,0.9966101694915255,0.004151677530140969,0.9843381843381843,1.0,1.0,1.0,1.0
XGBoost,0.9971454058876003,0.004161250237177743,0.9732270732270732,1.0,1.0,1.0,1.0
Stacking,1.0,0.0,1.0,1.0,1.0,1.0,1.0
